{
  "button": {
    "colours": {
      "normal_bg": "#0f3460",
      "hovered_bg": "#e94560",
      "disabled_bg": "#25292e",
      "selected_bg": "#25292e",
      "active_bg": "#e94560",
      "normal_text": "#e94560",
      "hovered_text": "#1a1a2e",
      "selected_text": "#FFFFFF",
      "disabled_text": "#6d736f",
      "active_text": "#1a1a2e",
      "normal_border": "#e94560",
      "hovered_border": "#1a1a2e",
      "disabled_border": "#808080",
      "selected_border": "#8080B0",
      "active_border": "#1a1a2e"
    },
    "misc": {
      "border_width": "2",
      "shadow_width": "1",
      "tool_tip_delay": "1.0",
      "text_horiz_alignment": "centre",
      "text_vert_alignment": "centre",
      "text_horiz_alignment_padding": "10",
      "text_vert_alignment_padding": "5",
      "state_transitions": {
        "normal_hovered": "0.3",
        "hovered_normal": "0.3"
      }
    }
  },
  "text_entry_line": {
    "colours": {
      "dark_bg": "#1a1a2e",
      "selected_bg": "#55595e",
      "normal_text": "#e94560",
      "selected_text": "#FFFFFF",
      "normal_border": "#e94560"
    },
    "misc": {
      "shape": "rectangle",
      "border_width": "2",
      "shadow_width": "2",
      "padding": "6,4"
    }
  },
  "label": {
    "colours": {
      "dark_bg": "#0f3460",
      "normal_text": "#e94560",
      "text_shadow": "#505050"
    },
    "misc": {
      "text_shadow": "0",
      "text_shadow_size": "0",
      "text_shadow_offset": "0,0"
    }
  }
}
